# netlify redirects

# Short-Blog
/blog/thank-you    /blog/thank-you
/thank-you         /blog/thank-you
/ty                /blog/thank-you
/kpre              /blog/creating-the-kedro-preflight-hook/
/blog/kpre         /blog/creating-the-kedro-preflight-hook/
/bdgl              /blog/til-bind-arguments-to-dynamically-generated-lambdas-in-python/
/blog/bdgl         /blog/til-bind-arguments-to-dynamically-generated-lambdas-in-python/
/fpga              /blog/four-github-actions-python/
/blog/fpga         /blog/four-github-actions-python/
/vndt              /blog/variables-names-dont-need-their-type
/blog/vndt         /blog/variables-names-dont-need-their-type
/sega              /blog/send-email-with-github-actions/
/blog/sega         /blog/send-email-with-github-actions/
/waga              /blog/what-are-github-actions
/blog/waga         /blog/what-are-github-actions
/knew              /blog/create-new-kedro-project/
/blog/knew         /blog/create-new-kedro-project/
/wike              /blog/what-is-kedro
/blog/wike         /blog/what-is-kedro
/gdfm              /blog/today-i-learned-git-diff-feature-master/
/blog/gdfm         /blog/today-i-learned-git-diff-feature-master/
/csro              /blog/custom-scrollbar-design/
/blog/csro         /blog/custom-scrollbar-design/
/dwyt              /blog/don-t-waste-your-time-learning-everything/
/blog/dwyt         /blog/don-t-waste-your-time-learning-everything/
/dsgn              /blog/2020-rebrand/
/blog/dsgn         /blog/2020-rebrand/
/hdrm              /blog/react-headroom/
/blog/hdrm         /blog/react-headroom/
/blog/styf         /blog/i-finally-fixed-my-styled-components-in-gatsby-js/
/styf              /blog/i-finally-fixed-my-styled-components-in-gatsby-js/
/blog/zeit         /blog/should-i-switch-to-zeit-now/
/zeit              /blog/should-i-switch-to-zeit-now/
/blog/gitp         /blog/git-push-without-setting-upstream/
/gitp              /blog/git-push-without-setting-upstream/
/blog/oosp         /blog/out-of-space/
/oosp              /blog/out-of-space/
/blog/purl         /blog/personal-url-shortener-with-netlify-redirects/
/purl              /blog/personal-url-shortener-with-netlify-redirects/
/blog/scli         /blog/simple-click/
/blog/cmdt         /blog/cmd-exe-tips/
/blog/wist         /blog/what-is-something-that-you-recently-learned-that-you-wish-you-would-have-learned-or-understood-earlier/
/blog/supz         /blog/supercharge-zsh-startup/
/blog/tqdm         /blog/quick-progress-bars-in-python-using-tqdm/
/blog/namt         /blog/named-tuples-data-science/
/blog/ipau         /blog/autoreload_ipython/
/blog/kdvs         /blog/keyboard-driven-vscode/
/blog/rgit         /blog/realistic-git-workflow/
/blog/frio         /blog/forestry-io/
/blog/gitr         /blog/git-rewrite-history/git-rewrite-history/
/blog/jour         /blog/journey/
/blog/gitu         /blog/git-update-user/
/blog/g019         /blog/goals-2019/
/blog/r019         /blog/2018-retrospective/
/blog/hapy         /blog/happy/
/blog/rtab         /blog/readme_tables/
/blog/pc18         /blog/Pycon_2018_roundup/
/blog/d3d4         /blog/d3-day4/
/blog/d3d3         /blog/d3-day3/
/blog/flxz         /blog/flexbox-zombies/
/blog/dsql         /blog/datacamp-sql/
/blog/dppt         /blog/No_More_Death_By_Powerpoint/
/blog/pc17         /blog/Pycon_2017_roundup/

/bash              /notes/bash/

# more encompassing
/b/*             /blog/:splat

/n/*             /notes/:splat

/rss            /blog/rss.xml
/md-rss         /blog/markdown-rss.xml
/sitemap        /sitemap.xml


#External

/redirects      https://github.com/WaylonWalker/waylonwalkerv2/edit/master/static/_redirects
/twitter        https://twitter.com/_WaylonWalker
/github         https://github.com/WaylonWalker
/devto          https://dev.to/waylonwalker/
/linkedin       https://www.linkedin.com/in/waylonwalker/
/instagram      https://www.instagram.com/_waylonwalker/
/ig             https://www.instagram.com/_waylonwalker/
/buffer         https://publish.buffer.com/profile/5bc121e0dd50725a7130edd6/tab/queue
